{
  "test/integration/opaTests.qunit.html": 1714807876746,
  "test/integration/pages/RisksList.js": 1714807876798,
  "test/integration/pages/RisksObjectPage.js": 1714807876818,
  "test/integration/opaTests.qunit.js": 1714807876746,
  "test/integration/FirstJourney.js": 1714807876870,
  "test/testsuite.qunit.js": 1714807876734,
  "xs-app.json": 1714810756671,
  "manifest.json": 1714810572974,
  "Component.js": 1714807876618,
  "test/integration/opaTests.qunit-dbg.js": 1714807876746,
  "test/integration/opaTests.qunit.js.map": 1714810776574,
  "test/integration/pages/RisksObjectPage-dbg.js": 1714807876818,
  "test/integration/pages/RisksObjectPage.js.map": 1714810776577,
  "test/integration/pages/RisksList-dbg.js": 1714807876798,
  "test/integration/pages/RisksList.js.map": 1714810776571,
  "test/integration/FirstJourney-dbg.js": 1714807876870,
  "test/integration/FirstJourney.js.map": 1714810776571,
  "test/testsuite.qunit-dbg.js": 1714807876734,
  "test/testsuite.qunit.js.map": 1714810776579,
  "Component-dbg.js": 1714807876618,
  "Component.js.map": 1714810776576,
  "Component-preload.js": 1714810776718,
  "Component-preload.js.map": 1714810776718,
  "i18n/i18n.properties": 1714807912958,
  "test/testsuite.qunit.html": 1714807876730,
  "test/flpSandbox.html": 1714807876710,
  "index.html": 1714807876626
}